url_path,views_total,views_unique
/adrian-lison/EpiSewer,33,23
/adrian-lison/EpiSewer/blob/main/data-raw/Influenza Zurich.R,3,1
/adrian-lison/EpiSewer/tree/main/data,2,2
/adrian-lison/EpiSewer/tree/main/data-raw,2,2
/adrian-lison/EpiSewer/tree/main/vignettes,2,2
/adrian-lison/EpiSewer/blob/main/data/ww_data_SARS_CoV_2_Zurich.rda,2,1
/adrian-lison/EpiSewer/actions,1,1
/adrian-lison/EpiSewer/blob/33371b4a47a8c9fb8d488b2cf79f1d94a9a7932e/Dockerfile,1,1
/adrian-lison/EpiSewer/blob/main/DESCRIPTION,1,1
/adrian-lison/EpiSewer/blob/main/Dockerfile,1,1
